0:02,0.0,66.0,65.1,4.2,369.09125,315.8708,10.815,29.301697,34.23868,5.592292,0.85580677,0.08590309,63.63
0:05,0.0,68.0,68.6,4.7,385.27045,332.14587,10.918,28.338535,32.871098,5.665742,0.862111,0.08259099,62.99
0:08,0.0,69.0,52.2,3.6,270.08414,232.66058,8.623,31.927088,37.062572,3.9142628,0.86143744,0.07498588,60.62
0:11,0.0,69.0,55.3,3.8,291.2278,252.87,9.0,30.90364,35.59141,4.220693,0.8682893,0.07632356,59.33
0:15,0.0,70.0,47.8,3.3,245.62352,210.97775,7.689,31.304005,36.4446,3.5089073,0.8589477,0.073408104,63.06
0:18,0.0,68.0,42.9,2.9,206.78255,182.5226,6.907,33.402237,37.84189,3.0409198,0.8826789,0.07088391,63.82
0:21,0.0,68.0,55.9,3.8,289.91623,250.40965,9.03,31.146929,36.06091,4.263474,0.8637311,0.07626966,61.11
0:24,0.0,70.0,62.0,4.3,347.33792,296.52438,10.178,29.302876,34.324326,4.9619703,0.85370576,0.08003178,64.13
0:27,0.0,70.0,61.3,4.3,342.30515,291.9541,9.748,28.477516,33.38881,4.8900733,0.852906,0.079772815,63.54
0:31,0.0,72.0,64.0,4.6,378.71915,326.90057,10.789,28.488129,33.003918,5.2599883,0.86317414,0.08218732,63.49
0:34,0.0,77.0,46.2,3.6,265.64642,229.13618,8.552,32.19317,37.322784,3.4499536,0.86256075,0.074674316,62.86
0:37,0.0,77.0,37.0,2.8,200.42755,172.73956,7.089,35.36939,41.03866,2.602955,0.8618554,0.07035014,60.04
0:40,0.0,78.0,63.1,4.9,416.19263,354.89426,11.477,27.576174,32.33921,5.335803,0.8527163,0.084561065,62.01
0:44,0.0,77.0,52.3,4.0,313.24136,268.54984,9.188,29.332014,34.21339,4.0680695,0.8573256,0.07778336,61.14
0:47,0.0,77.0,54.3,4.2,330.33923,279.3214,9.144,27.680635,32.73648,4.29012,0.8455593,0.07900773,60.46
0:51,0.0,75.0,48.8,3.7,275.75842,231.7609,8.322,30.178589,35.907696,3.676779,0.84044904,0.07534383,63.0
0:54,0.0,77.0,46.0,3.5,264.337,221.55896,7.536,28.509062,34.01352,3.432948,0.83816856,0.07462931,60.5
0:57,0.0,77.0,43.3,3.3,244.21826,202.03299,7.109,29.109207,35.187325,3.1716657,0.8272641,0.07324863,62.53
1:00,0.0,75.0,59.4,4.5,360.7208,297.80994,9.924,27.511583,33.323265,4.8096104,0.8255968,0.08096988,62.14
1:04,0.0,72.0,54.0,3.9,298.82016,245.18533,9.009,30.14857,36.743633,4.15028,0.82051134,0.07685704,63.17
1:07,0.0,72.0,70.6,5.1,436.68723,357.58347,11.773,26.959799,32.923782,6.0651,0.81885487,0.08590794,60.96
1:10,0.0,77.0,73.1,5.6,511.90146,424.1875,14.048,27.442781,33.11743,6.648071,0.8286507,0.090944886,60.78
1:12,0.0,77.0,79.3,6.1,584.096,487.34268,15.772,27.00241,32.363266,7.5856624,0.83435374,0.09565779,64.13
1:15,0.0,87.0,62.8,5.5,488.5075,413.4404,13.404,27.438677,32.420635,5.615029,0.84633374,0.08941129,62.18
1:18,0.0,91.0,60.0,5.5,488.16638,415.99323,13.317,27.279634,32.01254,5.3644657,0.8521546,0.089407764,61.99
1:21,0.0,91.0,58.9,5.4,473.3786,406.8238,13.594,28.716972,33.41496,5.2019625,0.8594047,0.08831855,61.51
1:24,0.0,90.0,62.3,5.6,507.99188,433.4005,14.021,27.600834,32.35114,5.6443543,0.85316426,0.09059959,62.44
1:26,0.0,90.0,59.9,5.4,478.00897,401.01312,13.071,27.344675,32.594944,5.3112106,0.8389238,0.08866796,63.85
1:29,0.0,92.0,63.5,5.8,542.71564,466.6733,15.159,27.931755,32.48311,5.899083,0.8598855,0.09289894,61.77
1:32,0.0,92.0,53.5,4.9,416.9446,351.75366,11.93,28.612913,33.91578,4.5320067,0.84364605,0.084710404,61.13
1:34,0.0,93.0,59.8,5.6,502.0872,419.13544,13.625,27.13672,32.507393,5.398787,0.8347862,0.09028072,63.46
1:37,0.0,93.0,65.9,6.1,587.13293,483.78436,15.65,26.654951,32.349125,6.313257,0.8239776,0.09580056,64.29
1:40,0.0,93.0,56.1,5.2,454.33228,373.33963,12.181,26.810774,32.62713,4.8852935,0.8217326,0.08708188,63.79
1:43,0.0,93.0,64.8,6.0,571.61566,461.8697,14.29,24.999315,30.939463,6.1464047,0.8080074,0.094851926,60.84
1:46,0.0,93.0,58.3,5.4,481.84616,392.51895,12.788,26.53959,32.57932,5.1811414,0.81461465,0.088870354,63.97
1:49,0.0,92.0,62.7,5.8,532.0754,432.0826,13.695,25.738834,31.695328,5.783428,0.8120703,0.092239685,62.71
1:52,0.0,92.0,66.3,6.1,583.5425,478.07407,14.804,25.36919,30.965914,6.342853,0.8192618,0.09566897,63.24
1:55,0.0,89.0,57.7,5.1,443.53946,359.9421,12.067,27.206148,33.524837,4.9835896,0.8115222,0.0863707,63.44
1:57,0.0,89.0,70.9,6.3,617.53766,495.18326,15.425,24.978233,31.150084,6.9386253,0.8018673,0.097864956,61.05
2:00,0.0,87.0,66.1,5.8,529.46844,428.13992,14.571,27.520054,34.033268,6.085844,0.8086222,0.09207027,62.67
2:02,5.0,87.0,65.2,5.7,517.71204,422.3052,14.204,27.436102,33.63444,5.950713,0.8157145,0.09126861,61.51
2:05,6.0,92.0,66.5,6.1,586.15497,479.2773,16.412,27.999422,34.24322,6.3712497,0.81766313,0.09580827,61.13
2:07,6.0,92.0,74.2,6.8,710.1463,581.75305,18.69,26.31852,32.127033,7.7189817,0.8192017,0.1040294,62.74
2:10,7.0,96.0,67.6,6.5,647.8725,533.4927,16.982,26.211948,31.83174,6.748672,0.8234532,0.09983243,62.97
2:13,8.0,99.0,63.0,6.2,605.25354,497.26273,16.196,26.759033,32.570305,6.1136723,0.82157755,0.09704241,60.32
2:16,8.0,99.0,61.0,6.0,572.78723,477.06888,15.336,26.77434,32.1463,5.7857294,0.8328902,0.09484803,59.64
2:19,9.0,98.0,58.8,5.8,531.5254,448.02655,14.737,27.725863,32.89314,5.4237285,0.84290713,0.09224028,62.17
2:22,10.0,98.0,62.8,6.2,592.23566,498.1375,15.682,26.479324,31.481266,6.043221,0.8411137,0.096229635,59.45
2:25,11.0,97.0,51.8,5.0,429.32565,360.10684,12.338,28.738092,34.262054,4.426038,0.8387732,0.08544474,64.07
2:27,11.0,94.0,67.8,6.4,628.8769,520.5633,16.36,26.014631,31.427496,6.69018,0.8277666,0.098675214,63.24
2:30,12.0,94.0,69.2,6.5,650.4035,541.1154,16.864,25.92852,31.165255,6.919186,0.8319688,0.099988244,59.47
2:33,13.0,94.0,66.9,6.3,613.76337,516.97,16.586,27.023443,32.083103,6.5293975,0.8422952,0.097599365,63.92
2:36,13.0,94.0,65.5,6.2,592.2673,496.24448,16.14,27.25121,32.52429,6.3007154,0.8378725,0.09619413,62.61
2:39,14.0,96.0,68.5,6.6,663.5538,554.47034,17.108,25.782387,30.854671,6.9120183,0.83560723,0.10090538,60.59
2:41,15.0,96.0,58.9,5.7,514.84015,429.9207,13.756,26.718973,31.9966,5.3629184,0.83505666,0.091051236,61.17
2:45,15.0,96.0,68.2,6.5,658.5378,551.1389,16.881,25.634064,30.629301,6.8597684,0.8369131,0.10058312,62.82
2:47,16.0,96.0,65.9,6.3,619.57794,520.23615,16.327,26.35181,31.383825,6.453937,0.83966213,0.097935304,60.41
2:50,17.0,96.0,68.9,6.6,670.28827,561.23773,17.603,26.261835,31.364605,6.9821696,0.837308,0.10133772,62.32
2:52,18.0,96.0,34.8,3.3,244.95358,205.88635,9.039,36.900867,43.902863,2.5515997,0.8405117,0.07332184,59.52
2:55,18.0,98.0,57.9,5.7,518.52985,447.62686,12.429,23.96969,27.76643,5.291121,0.8632615,0.09138378,60.02
2:59,19.0,100.0,59.9,6.0,565.61615,446.56888,13.508,23.88192,30.248413,5.6561613,0.7895264,0.094426736,60.1
3:02,20.0,100.0,62.1,6.2,601.0007,472.57498,14.182,23.597311,30.010052,6.010007,0.7863136,0.096779495,64.16
3:05,21.0,103.0,66.3,6.8,710.79846,561.4078,16.686,23.475008,29.721712,6.900956,0.7898269,0.10408681,61.49
3:08,21.0,104.0,61.9,6.4,639.1783,509.09473,15.786,24.697334,31.007982,6.145945,0.79648316,0.099288285,60.07
3:10,22.0,104.0,63.7,6.6,672.37537,545.94684,17.256,25.664236,31.607473,6.465148,0.8119673,0.10149368,59.76
3:13,23.0,101.0,60.7,6.1,587.6847,476.68668,15.429,26.253874,32.367172,5.8186603,0.8111266,0.09585931,63.5
3:15,23.0,101.0,60.9,6.1,590.69366,476.42065,15.174,25.688442,31.850004,5.848452,0.80654436,0.09603369,59.6
3:18,24.0,99.0,73.9,7.3,808.4384,656.9977,20.345,25.1658,30.966623,8.166044,0.812675,0.11050128,59.51
3:21,25.0,99.0,71.9,7.1,766.9129,631.7457,19.428,25.332733,30.752878,7.746595,0.82375157,0.10774124,60.52
3:23,25.0,100.0,69.0,6.9,724.122,601.40924,18.32,25.299604,30.461786,7.24122,0.83053577,0.10494522,61.88
3:26,26.0,100.0,68.9,6.9,720.9775,600.39453,17.831,24.7317,29.698805,7.209775,0.83275074,0.10464115,63.03
3:29,27.0,105.0,62.4,6.6,660.10077,550.8112,16.606,25.156765,30.14826,6.286674,0.83443505,0.10074798,59.79
3:32,27.0,105.0,66.6,7.0,741.4045,628.2927,18.466,24.906782,29.390759,7.060995,0.84743583,0.10602095,60.36
3:35,28.0,106.0,60.5,6.4,635.53186,538.2094,16.432,25.855509,30.530867,5.9955835,0.8468646,0.09910055,62.13
3:37,29.0,106.0,66.5,7.0,751.593,630.6087,19.164,25.497843,30.389685,7.0905004,0.8390295,0.10662406,61.51
3:40,29.0,107.0,65.9,7.0,752.5257,622.8375,18.957,25.191166,30.43651,7.0329504,0.8276628,0.10672155,61.96
3:43,30.0,108.0,65.9,7.1,765.91754,639.3131,19.495,25.45313,30.493666,7.0918293,0.83470225,0.10761501,61.99
3:46,31.0,108.0,63.7,6.9,719.89276,595.31824,18.108,25.153746,30.417345,6.6656737,0.82695407,0.10464166,60.46
3:49,32.0,107.0,64.4,6.9,720.846,602.9377,17.979,24.941526,29.819002,6.7368784,0.8364306,0.104609914,64.22
3:51,32.0,107.0,65.2,7.0,739.27844,617.27563,18.697,25.290876,30.289549,6.9091444,0.8349704,0.105968475,60.53
3:54,33.0,106.0,63.0,6.7,681.0698,564.99274,17.089,25.091406,30.246407,6.425187,0.82956654,0.10198709,60.23
3:57,34.0,106.0,67.8,7.2,780.52325,652.1045,19.338,24.775686,29.654757,7.363427,0.8354709,0.10860511,60.0
3:59,34.0,106.0,64.9,6.9,720.13995,602.03406,18.698,25.964397,31.058044,6.793773,0.8359959,0.10468063,61.93
4:02,35.0,106.0,69.7,7.4,822.6411,691.90906,20.218,24.576939,29.220604,7.760765,0.8410825,0.111345276,61.68
4:05,36.0,108.0,63.1,6.8,707.40955,586.23364,17.348,24.523277,29.592297,6.5500884,0.8287047,0.103804894,61.05
4:08,36.0,112.0,62.1,6.9,733.0327,601.3716,17.772,24.244484,29.552444,6.5449347,0.82038844,0.105393484,61.22
4:10,37.0,112.0,68.8,7.7,893.81055,737.736,21.496,24.049839,29.137794,7.980451,0.825383,0.11599492,62.15
4:13,38.0,112.0,64.2,7.2,782.3804,648.938,19.542,24.977621,30.113817,6.985539,0.82944053,0.10880903,60.6
4:16,38.0,112.0,64.3,7.2,784.60345,656.83167,19.683,25.086557,29.966581,7.005388,0.8371511,0.108948484,63.8
4:18,39.0,111.0,74.1,8.2,1026.9752,850.39813,23.5,22.882732,27.634115,9.252029,0.828061,0.1248587,61.0
4:21,40.0,111.0,67.4,7.5,843.2138,715.7208,21.115,25.041098,29.501726,7.596521,0.84880114,0.11270802,61.2
4:24,40.0,111.0,62.8,7.0,738.1448,636.12604,19.531,26.45958,30.703035,6.649953,0.86179036,0.105890974,60.96
4:26,41.0,111.0,63.4,7.0,751.07574,649.6091,20.286,27.00926,31.228012,6.766448,0.8649049,0.1067263,62.06
4:28,42.0,113.0,67.5,7.6,877.3026,765.2058,22.275,25.390327,29.109816,7.76374,0.87222564,0.11501837,63.05
4:31,42.0,113.0,62.3,7.0,750.8607,651.74286,20.447,27.231415,31.372803,6.644785,0.86799437,0.10665787,63.49
4:33,43.0,113.0,64.7,7.3,806.82587,702.0266,21.432,26.563353,30.528757,7.140052,0.8701092,0.11035629,63.67
4:35,43.0,113.0,72.2,8.2,1007.6136,870.49786,25.249,25.058218,29.005241,8.916934,0.86392033,0.12350325,62.52
4:37,44.0,113.0,65.9,7.4,836.3873,722.5146,21.625,25.855246,29.930191,7.4016576,0.86385167,0.112316504,62.03
4:40,44.0,113.0,72.4,8.2,1013.3772,880.9149,25.864,25.52258,29.360384,8.967939,0.8692863,0.123866566,60.73
4:43,45.0,114.0,63.5,7.2,791.7549,687.68695,21.233,26.817644,30.875967,6.945218,0.86856043,0.10937352,63.76
4:45,46.0,114.0,68.6,7.8,921.61334,795.2618,23.378,25.366386,29.39661,8.084328,0.86290175,0.117847346,62.0
4:48,46.0,115.0,65.9,7.6,866.3914,742.6735,21.753,25.10759,29.290125,7.5338383,0.85720325,0.11432228,60.11
4:50,47.0,115.0,65.7,7.6,859.2172,738.345,21.744,25.306755,29.449648,7.471454,0.85932285,0.11372077,63.12
4:52,47.0,115.0,73.0,8.4,1072.5144,929.7995,26.769,24.959105,28.790077,9.326212,0.8669343,0.12775633,60.27
4:55,48.0,117.0,65.0,7.6,872.2254,751.5737,22.272,25.534683,29.63382,7.454918,0.8616738,0.11469105,59.69
4:57,49.0,117.0,71.0,8.3,1050.6583,915.76,26.697,25.409782,29.152834,8.979985,0.87160593,0.12647867,61.21
4:59,49.0,119.0,67.7,8.1,981.22784,860.5907,27.369,27.892605,31.802574,8.245612,0.8770549,0.12179634,64.0
5:01,50.0,119.0,71.6,8.5,1111.7069,987.0372,29.352,26.402643,29.737482,9.342074,0.8878574,0.13047591,61.82
5:03,50.0,121.0,69.2,8.4,1067.4474,973.44476,28.873,27.04864,29.660645,8.821879,0.911937,0.12748381,62.55
5:05,51.0,121.0,67.1,8.1,996.5938,916.6329,27.937,28.032484,30.47785,8.236313,0.9197658,0.12274684,62.54
5:08,51.0,121.0,68.5,8.3,1045.5051,971.07056,28.557,27.31407,29.40775,8.640538,0.9288052,0.12613924,60.0
5:10,52.0,121.0,67.0,8.1,995.16003,926.5612,27.939,28.07488,30.15343,8.224463,0.9310675,0.12275318,61.84
5:13,53.0,123.0,64.4,7.9,946.5537,892.27856,25.929,27.393057,29.05931,7.6955585,0.9426603,0.11949625,61.84
5:16,54.0,123.0,61.8,7.6,871.5573,831.9093,24.16,27.720495,29.041628,7.0858316,0.954509,0.11465748,62.24
5:18,54.0,125.0,67.0,8.4,1068.5171,988.12744,28.422,26.599482,28.763496,8.548137,0.9247652,0.12758413,62.9
5:20,54.0,125.0,68.5,8.6,1122.4275,1058.9476,31.286,27.873516,29.544426,8.97942,0.94344413,0.13108642,62.69
5:23,55.0,126.0,69.2,8.7,1170.7549,1124.4878,32.256,27.551455,28.68506,9.291705,0.960481,0.13427322,62.58
5:25,56.0,126.0,66.0,8.3,1051.3568,1023.25665,30.901,29.391544,30.198679,8.344102,0.9732725,0.12642579,63.07
5:27,56.0,128.0,56.6,7.2,792.1081,777.8081,24.024,30.329193,30.886795,6.1883445,0.98194695,0.109334715,63.61
5:29,57.0,128.0,63.5,8.1,999.7089,947.95544,27.913,27.921127,29.445477,7.810226,0.94823146,0.12299568,62.22
5:32,57.0,128.0,68.6,8.8,1191.9647,1131.8003,32.008,26.853144,28.280607,9.312224,0.949525,0.13574672,64.08
5:34,58.0,132.0,59.3,7.8,923.0004,881.9813,26.725,28.954483,30.301096,6.9924273,0.95555896,0.117916144,63.98
5:37,59.0,132.0,63.9,8.4,1083.9344,1039.537,29.663,27.366047,28.534819,8.211624,0.95904046,0.12850744,62.11
5:39,59.0,136.0,63.2,8.6,1131.8687,1086.5479,29.949,26.459784,27.563444,8.322563,0.9599593,0.13168614,61.02
5:41,60.0,136.0,63.4,8.6,1140.1729,1084.983,31.639,27.749302,29.160824,8.383624,0.95159525,0.13223381,60.57
5:43,60.0,135.0,63.9,8.6,1140.799,1097.3314,32.623,28.596626,29.729397,8.450362,0.9618973,0.13224354,60.44
5:46,61.0,135.0,59.9,8.1,991.1905,959.6343,28.125,28.37497,29.30804,7.3421516,0.9681633,0.12257349,59.94
5:48,61.0,134.0,58.9,7.9,941.4491,913.28,26.92,28.594217,29.476173,7.0257397,0.970079,0.11928251,62.92
5:50,62.0,134.0,64.8,8.7,1162.0868,1110.639,30.747,26.458437,27.684063,8.67229,0.9557281,0.13383162,62.04
5:53,62.0,132.0,62.2,8.2,1024.0378,954.6918,26.828,26.19825,28.101215,7.7578626,0.93228173,0.12472447,63.94
5:55,63.0,132.0,65.7,8.7,1157.4109,1095.3894,30.259,26.143698,27.623966,8.768265,0.9464136,0.13345914,60.7
5:57,64.0,132.0,65.3,8.6,1142.3318,1078.4398,31.268,27.372082,28.993736,8.654029,0.9440688,0.13252723,61.21
5:59,64.0,132.0,70.0,9.2,1348.1389,1294.8795,35.455,26.29922,27.380926,10.213174,0.96049416,0.14590248,60.24
6:01,65.0,132.0,63.3,8.4,1061.4247,1018.3142,30.204,28.456093,29.660786,8.041096,0.9593843,0.12703153,61.72
6:04,65.0,131.0,62.7,8.2,1023.902,996.63043,28.366,27.703823,28.461905,7.8160458,0.97336507,0.124657825,59.34
6:06,66.0,131.0,67.4,8.8,1207.1764,1160.7653,31.757,26.306843,27.358675,9.215087,0.961554,0.13672236,63.36
6:10,67.0,128.0,69.2,8.9,1214.9519,1236.8846,33.955,27.947609,27.452034,9.491812,1.0180523,0.13716492,60.65
6:12,67.0,128.0,63.2,8.1,990.73114,984.30963,28.46,28.72626,28.913666,7.740087,0.9935184,0.12246973,62.26
6:14,68.0,127.0,72.1,9.2,1320.8175,1297.2993,35.969,27.232376,27.72606,10.400138,0.98219424,0.14424601,61.16
6:16,68.0,127.0,67.6,8.6,1128.2291,1108.426,32.575,28.87268,29.38852,8.883694,0.9824476,0.13141559,63.18
6:19,69.0,128.0,68.2,8.7,1176.4802,1155.9966,32.444,27.577173,28.065826,9.191252,0.98258907,0.1347691,60.03
6:21,70.0,128.0,63.0,8.1,983.5391,965.2933,27.756,28.220535,28.753956,7.6838994,0.98144877,0.12196666,62.07
6:23,70.0,131.0,68.3,8.9,1245.3091,1213.8358,32.526,26.118816,26.796045,9.506176,0.97472656,0.13918266,59.71
6:26,71.0,131.0,69.7,9.1,1311.9872,1300.7257,34.978,26.660322,26.891142,10.015169,0.99141645,0.14368968,62.08
6:28,72.0,135.0,64.4,8.7,1162.2385,1169.5823,32.345,27.829918,27.655174,8.609175,1.0063186,0.13368283,62.89
6:30,72.0,135.0,67.6,9.1,1308.9644,1326.5762,37.785,28.866333,28.483099,9.696033,1.0134548,0.14343242,61.2
6:32,73.0,137.0,64.2,8.8,1197.4366,1241.716,34.413,28.73889,27.714067,8.740414,1.0369784,0.13614352,64.18
6:35,73.0,137.0,64.0,8.8,1188.7643,1227.4174,33.129,27.868435,26.99082,8.677112,1.0325153,0.13557987,59.82
6:37,74.0,137.0,72.9,10.0,1670.1547,1743.4121,47.508,28.44527,27.250011,12.19091,1.0438627,0.16722785,63.55
6:39,74.0,139.0,64.7,9.0,1261.482,1368.9929,40.413,32.03613,29.52024,9.075411,1.0852258,0.1402691,63.56
6:41,75.0,139.0,65.1,9.1,1281.4314,1407.5228,40.396,31.524122,28.700068,9.218931,1.0983989,0.14161184,59.34
6:43,75.0,141.0,61.7,8.7,1164.1489,1260.3499,36.029,30.94879,28.586508,8.256375,1.0826362,0.13381483,61.48
6:45,76.0,141.0,61.7,8.7,1167.2598,1246.1173,35.717,30.599016,28.66263,8.278438,1.0675578,0.13417241,64.18
6:47,76.0,141.0,63.5,9.0,1249.272,1349.0076,38.471,30.794735,28.518002,8.860085,1.0798349,0.1395289,62.16
6:49,77.0,145.0,65.2,9.4,1430.9019,1530.5586,42.711,29.849007,27.905499,9.868289,1.0696461,0.15135412,61.84
6:51,77.0,145.0,60.6,8.8,1191.9209,1316.396,38.536,32.331005,29.273867,8.220144,1.1044323,0.13564594,60.65
6:53,78.0,148.0,60.3,8.9,1240.1295,1368.2963,39.375,31.750715,28.776663,8.379253,1.1033494,0.13895944,61.16
6:55,78.0,148.0,63.7,9.4,1423.5498,1575.858,44.219,31.062489,28.060268,9.61858,1.1069919,0.1509981,60.45
6:57,79.0,148.0,60.8,9.0,1264.3965,1400.5073,39.826,31.498032,28.436838,8.54322,1.1076488,0.1405135,59.78
6:59,79.0,149.0,60.4,9.0,1263.3379,1407.7113,39.204,31.032078,27.84946,8.478778,1.1142794,0.1403771,60.77
7:02,80.0,149.0,59.7,8.9,1228.6146,1357.2085,37.403,30.443232,27.558773,8.245736,1.1046658,0.13811953,64.2
7:04,80.0,150.0,61.3,9.2,1332.495,1472.7886,41.935,31.471037,28.473198,8.8833,1.1052864,0.14491516,62.1
7:07,81.0,150.0,63.2,9.5,1440.703,1614.0581,43.883,30.459435,27.187992,9.604687,1.1203268,0.15197289,61.7
7:09,82.0,152.0,57.9,8.8,1198.4362,1241.1709,33.034,27.564255,26.61519,7.8844485,1.0356587,0.13617355,63.15
7:11,82.0,152.0,60.9,9.3,1356.3076,1475.7102,41.824,30.836662,28.341608,8.923077,1.088035,0.14652014,62.52
7:12,83.0,155.0,61.7,9.6,1475.6484,1636.1931,47.143,31.947311,28.812614,9.520312,1.108796,0.15430003,60.21
7:14,83.0,155.0,61.3,9.5,1453.7389,1621.6201,46.883,32.249947,28.911211,9.378961,1.1154823,0.153001,60.86
7:16,83.0,155.0,60.2,9.3,1382.6356,1554.178,43.477,31.445017,27.974274,8.92023,1.1240691,0.14817658,63.65
7:18,84.0,158.0,60.6,9.6,1480.0328,1665.4236,47.799,32.295906,28.700806,9.367296,1.1252612,0.15457585,59.6
7:20,84.0,158.0,58.5,9.2,1352.8894,1548.1005,44.29,32.73734,28.609255,8.562592,1.144292,0.14636908,60.65
7:22,85.0,158.0,54.1,8.6,1121.035,1269.6943,35.264,31.456644,27.773613,7.0951586,1.132609,0.13114896,62.59
7:24,85.0,160.0,58.6,9.4,1401.0015,1588.2964,44.319,31.6338,27.903482,8.756259,1.1336864,0.14942423,60.38
7:26,86.0,160.0,56.3,9.0,1266.1075,1412.7855,39.014,30.814129,27.614948,7.9131722,1.1158495,0.14055368,59.65
7:28,86.0,160.0,57.8,9.2,1353.8644,1506.5908,41.521,30.668509,27.559574,8.461653,1.1128078,0.14639537,60.06
7:30,87.0,160.0,57.5,9.2,1336.997,1459.5521,39.767,29.743523,27.246029,8.356231,1.0916646,0.14532575,64.22
7:34,88.0,161.0,58.6,9.4,1425.0923,1597.5616,42.152,29.578436,26.38521,8.851505,1.1210233,0.15104958,63.18
7:36,89.0,161.0,58.9,9.5,1445.6598,1607.83,42.912,29.683332,26.68939,8.979254,1.1121773,0.15244912,61.68
7:38,89.0,160.0,57.5,9.2,1333.8867,1482.228,39.743,29.794884,26.813013,8.336792,1.1112099,0.14498769,61.52
7:40,89.0,160.0,59.9,9.6,1483.3976,1656.6246,45.772,30.856192,27.629675,9.2712345,1.1167772,0.15477854,62.92
7:42,90.0,160.0,58.1,9.3,1373.8534,1535.866,43.131,31.39418,28.08253,8.586584,1.1179256,0.14778973,60.22
7:44,90.0,159.0,61.5,9.8,1567.9482,1752.5864,48.848,31.154089,27.87195,9.86131,1.1177578,0.1603465,59.98
7:46,91.0,159.0,59.0,9.4,1405.9856,1578.0696,46.154,32.826794,29.247126,8.842677,1.1223938,0.14987588,62.65
7:47,91.0,160.0,61.7,9.9,1614.3348,1841.9841,51.866,32.128403,28.15768,10.089593,1.1410174,0.16352662,64.21
7:50,92.0,160.0,55.5,8.9,1225.3022,1404.597,39.991,32.63766,28.47151,7.658139,1.146327,0.13798448,61.75
7:52,92.0,160.0,59.4,9.5,1454.0999,1583.4413,41.921,28.82952,26.474615,9.088124,1.0889494,0.15299872,63.97
7:54,93.0,161.0,63.3,10.2,1770.5763,2006.9319,57.684,32.579224,28.74238,10.997368,1.1334908,0.1737341,62.4
7:56,93.0,161.0,58.3,9.4,1403.2808,1615.4495,47.079,33.549236,29.142973,8.716029,1.1511948,0.14950308,62.07
7:57,94.0,163.0,57.4,9.4,1395.7047,1614.0262,46.436,33.27065,28.770288,8.562606,1.1564239,0.14917432,61.1
7:59,94.0,163.0,58.1,9.5,1441.8782,1669.8798,46.33,32.131702,27.744513,8.845879,1.1581281,0.15225264,60.97
8:01,95.0,163.0,59.8,9.8,1558.6166,1801.3805,49.806,31.955261,27.648794,9.562065,1.155756,0.15990075,64.21
8:04,95.0,164.0,56.0,9.2,1330.4813,1547.2694,42.935,32.270275,27.748884,8.112691,1.1629395,0.14486948,61.53
8:05,96.0,164.0,61.0,10.0,1679.2794,1970.4663,56.804,33.826412,28.827694,10.239509,1.1733999,0.16786079,61.24
8:07,96.0,163.0,59.5,9.7,1538.5276,1843.5359,52.943,34.411472,28.718182,9.43882,1.1982468,0.15863562,59.67
8:09,97.0,163.0,57.8,9.4,1422.1704,1689.4111,47.719,33.553646,28.245937,8.724972,1.1879104,0.15095107,62.65
8:11,97.0,163.0,57.8,9.4,1417.5072,1669.4685,47.196,33.29507,28.270075,8.696363,1.1777496,0.15045612,63.38
8:13,98.0,163.0,57.7,9.4,1416.1292,1651.9052,47.016,33.200363,28.461683,8.687909,1.1664933,0.15057033,62.1
8:15,98.0,163.0,60.4,9.9,1605.0378,1884.2742,52.793,32.89206,28.017685,9.846858,1.1739749,0.16302745,62.29
8:17,99.0,163.0,61.3,10.0,1668.7406,1924.3383,54.396,32.59704,28.26738,10.237673,1.153168,0.16700935,63.17
8:19,99.0,165.0,56.1,9.3,1354.2462,1559.9667,44.436,32.81235,28.485224,8.207553,1.1519077,0.1463022,60.38
8:21,100.0,165.0,60.6,10.0,1678.9877,1973.0021,55.059,32.792976,27.906204,10.175683,1.175114,0.16791555,63.06
8:23,100.0,167.0,59.5,9.9,1642.8601,1928.0986,53.143,32.347855,27.562387,9.837485,1.1736231,0.1653359,64.14
8:25,101.0,167.0,59.4,9.9,1636.4934,1952.6643,55.459,33.888924,28.401707,9.799362,1.1932002,0.16497242,62.51
8:27,101.0,167.0,57.5,9.6,1495.7944,1792.8842,50.308,33.632965,28.059816,8.956853,1.1986166,0.15577136,62.3
8:28,102.0,169.0,56.8,9.6,1491.6447,1781.5225,51.955,34.83068,29.163258,8.8263,1.1943344,0.1553926,61.65
8:30,102.0,169.0,58.1,9.8,1590.821,1879.151,53.005,33.31927,28.206886,9.413142,1.181246,0.16201623,63.35
8:32,102.0,169.0,56.2,9.5,1454.0134,1714.9473,49.846,34.281666,29.065617,8.60363,1.1794577,0.1530895,63.27
8:34,103.0,169.0,59.2,10.0,1678.0144,1974.873,56.914,33.91747,28.819067,9.929079,1.1769106,0.16772094,61.75
8:36,103.0,169.0,59.3,10.0,1686.8617,1993.1703,57.775,34.249992,28.986485,9.98143,1.1815848,0.16832091,59.61
8:37,104.0,169.0,59.3,10.0,1687.3182,2026.9269,60.213,35.685623,29.706547,9.984132,1.2012713,0.16836646,61.09
8:39,104.0,169.0,59.0,10.0,1660.1381,2013.9828,56.571,34.07608,28.089117,9.823302,1.2131418,0.16649665,59.64
8:41,105.0,169.0,58.5,9.9,1621.0135,1946.5868,56.785,35.030552,29.171574,9.591796,1.2008455,0.16396233,59.72
8:43,105.0,169.0,55.7,9.4,1414.1598,1702.0161,50.952,36.029873,29.936262,8.367809,1.2035528,0.15022998,63.17
8:45,106.0,169.0,58.8,9.9,1644.593,1987.3324,56.785,34.5283,28.573479,9.731319,1.2084038,0.16549863,63.54
8:47,106.0,169.0,54.3,9.2,1325.683,1583.2103,47.811,36.06518,30.198767,7.844278,1.1942601,0.14446184,61.24
8:48,106.0,169.0,44.5,7.5,850.6462,1037.7911,28.432,33.424004,27.39665,5.033409,1.2200032,0.11311032,62.66
8:50,0.0,169.0,58.4,9.9,1616.6293,1792.3582,49.67,30.724422,27.712095,9.565854,1.1087008,0.16379885,61.25
8:51,0.0,169.0,59.3,10.0,1683.5303,1896.0868,53.337,31.68164,28.130041,9.961718,1.1262565,0.1679885,64.15
8:53,0.0,167.0,58.1,9.7,1537.2938,1735.174,49.105,31.942495,28.299757,9.205352,1.1287198,0.1584398,60.35
8:55,0.0,167.0,55.9,9.3,1385.1932,1565.1537,43.752,31.585485,27.953804,8.29457,1.1299173,0.14838229,64.27
8:57,0.0,163.0,58.4,9.5,1456.2582,1637.8153,42.591,29.246874,26.004765,8.934099,1.1246737,0.15298115,63.18
9:00,0.0,163.0,60.3,9.8,1592.6067,1802.5857,47.314,29.708529,26.24785,9.770594,1.1318461,0.16203307,60.94
9:02,0.0,163.0,56.5,9.2,1338.2278,1527.7999,40.507,30.269136,26.513288,8.209987,1.1416591,0.1453095,62.52
9:04,0.0,161.0,56.0,9.0,1267.2659,1453.8278,38.097,30.062357,26.204617,7.871217,1.1472161,0.14055744,62.31
9:06,0.0,161.0,58.7,9.4,1430.1481,1643.4413,42.514,29.726992,25.868889,8.882907,1.1491406,0.15132721,60.4
9:09,0.0,158.0,58.3,9.2,1341.1033,1572.75,40.134,29.926107,25.51836,8.487995,1.1727285,0.14559169,60.26
9:11,0.0,158.0,54.1,8.6,1120.3369,1328.1671,35.973,32.109093,27.084694,7.0907397,1.1855068,0.13106729,60.77
9:13,0.0,156.0,61.5,9.6,1487.8257,1764.7286,44.17,29.687618,25.029345,9.537344,1.1861125,0.15507877,60.84
9:15,0.0,156.0,58.4,9.1,1300.6185,1616.9169,42.726,32.850525,26.424364,8.337298,1.2431908,0.14276195,62.19
9:18,0.0,154.0,58.8,9.1,1284.7512,1684.7596,43.557,33.90306,25.85354,8.342541,1.3113508,0.14187993,60.06
9:21,0.0,154.0,59.5,9.2,1320.1552,1742.6776,45.757,34.66032,26.256721,8.572436,1.3200551,0.14407456,59.81
9:23,0.0,152.0,51.1,7.8,911.3307,1181.0929,31.966,35.07618,27.064764,5.9955964,1.2960092,0.11733066,62.35
9:26,0.0,152.0,57.5,8.7,1177.9713,1578.9877,43.863,37.23605,27.77919,7.749811,1.3404297,0.13477932,63.22
9:28,0.0,151.0,56.1,8.5,1095.6093,1524.3854,43.552,39.7514,28.570204,7.2556906,1.3913586,0.12933496,60.02
9:30,0.0,151.0,56.9,8.6,1131.3301,1603.5447,45.6,40.306538,28.437,7.4922523,1.4173977,0.13167402,59.64
9:32,0.0,151.0,54.2,8.2,1016.33984,1481.584,42.732,42.04499,28.842104,6.7307277,1.4577644,0.12418316,61.91
9:34,0.0,149.0,54.3,8.1,991.2778,1467.9573,42.168,42.539036,28.725632,6.652871,1.4808738,0.12252065,59.6
9:36,0.0,149.0,49.9,7.4,833.6519,1235.35,36.618,43.92481,29.641802,5.5949793,1.4818535,0.11212383,64.13
9:38,0.0,146.0,54.6,8.0,960.01495,1421.5054,41.308,43.028496,29.059334,6.5754447,1.4807117,0.1204294,59.3
9:40,0.0,146.0,55.0,8.0,973.7019,1481.7847,43.731,44.9121,29.512384,6.6691914,1.5218053,0.12125802,60.22
9:43,0.0,144.0,53.5,7.7,894.4143,1375.3235,40.556,45.34364,29.488335,6.2112103,1.5376805,0.11609739,61.4
9:45,0.0,144.0,49.9,7.2,781.4046,1196.059,36.239,46.376743,30.298674,5.4264207,1.5306525,0.10874591,60.29
9:47,0.0,144.0,53.0,7.6,878.2772,1385.7284,41.186,46.894077,29.721554,6.0991473,1.5777801,0.115078256,59.75
9:50,0.0,143.0,52.8,7.5,857.85406,1354.709,41.161,47.981354,30.383648,5.9989796,1.5791835,0.11361704,61.01
9:52,0.0,143.0,48.7,7.0,734.95734,1119.2009,33.341,45.364536,29.790005,5.1395617,1.5228107,0.10553515,62.89
9:54,0.0,143.0,52.4,7.5,846.68677,1323.2073,41.287,48.763016,31.202217,5.9208865,1.5628061,0.112994015,64.27
9:56,0.0,143.0,50.4,7.2,783.6966,1227.9496,38.405,49.004932,31.275715,5.480396,1.5668685,0.108738005,59.31
9:58,0.0,144.0,48.7,7.0,746.3243,1166.5375,35.974,48.20157,30.838272,5.1828074,1.5630437,0.10642315,62.57
10:00,0.0,144.0,50.7,7.3,804.10095,1251.0807,39.855,49.56467,31.856459,5.5840344,1.5558752,0.110138744,64.03
10:03,0.0,141.0,49.3,6.9,732.9018,1161.3922,37.756,51.51577,32.50926,5.197885,1.5846492,0.10543378,64.16
10:05,0.0,141.0,51.7,7.3,802.061,1259.0104,41.235,51.411304,32.751915,5.6883755,1.5697191,0.110026605,59.36
10:07,0.0,141.0,47.6,6.7,688.2553,1100.831,36.645,53.243324,33.288486,4.881243,1.5994515,0.10254713,62.96
10:09,0.0,138.0,50.0,6.9,723.59216,1172.1517,38.485,53.18604,32.83278,5.2434216,1.6199067,0.10486843,61.38
10:11,0.0,138.0,47.8,6.6,667.246,1067.997,36.466,54.65151,34.14429,4.835116,1.6006045,0.10115305,60.07
10:13,0.0,136.0,50.7,6.9,721.38354,1148.4685,37.879,52.508823,32.982185,5.304291,1.5920359,0.10462112,60.39
10:15,0.0,136.0,48.7,6.6,670.9453,1062.0643,36.214,53.974594,34.097748,4.9334216,1.5829372,0.10130229,60.22
10:18,0.0,136.0,44.6,6.1,577.5391,881.99414,30.41,52.65444,34.478687,4.246611,1.5271591,0.09521551,60.77
10:20,0.0,136.0,51.3,7.0,738.7011,1129.428,37.714,51.054478,33.392124,5.431626,1.5289377,0.10587965,61.15
10:22,0.0,136.0,48.3,6.6,662.0429,978.9208,32.749,49.466583,33.45419,4.8679624,1.4786365,0.10078598,61.92
10:24,0.0,136.0,47.9,6.5,651.8272,936.9975,31.895,48.93168,34.039577,4.792847,1.4374937,0.100059435,63.11
10:26,0.0,136.0,46.5,6.3,619.6445,875.367,29.177,47.086678,33.33116,4.5562096,1.4126923,0.097982995,63.66
10:29,0.0,134.0,47.3,6.3,621.3401,860.6351,28.082,45.19586,32.629395,4.636866,1.3851272,0.09803101,59.95
10:31,0.0,134.0,50.1,6.7,688.2033,930.9684,31.088,45.1727,33.393185,5.1358457,1.352752,0.10251189,59.62
10:34,0.0,132.0,48.2,6.4,626.85834,830.22906,27.875,44.46778,33.57507,4.7489266,1.3244286,0.09852546,63.79
10:36,0.0,132.0,48.5,6.4,632.036,836.1819,28.712,45.42779,34.33703,4.7881517,1.3229972,0.098724775,61.4
10:38,0.0,130.0,53.1,6.9,722.93854,944.9313,30.93,42.783722,32.73254,5.5610657,1.30707,0.10472817,59.81
10:40,0.0,130.0,51.9,6.7,694.7706,908.09546,30.0,43.179718,33.036175,5.3443894,1.3070436,0.10297475,59.76
10:43,0.0,129.0,45.5,5.9,547.7302,694.8587,24.309,44.381336,34.984093,4.2459707,1.2686149,0.09331804,62.4
10:45,0.0,129.0,48.9,6.3,616.9131,781.2035,26.62,43.150326,34.07563,4.782272,1.2663105,0.09779697,61.45
10:47,0.0,129.0,49.6,6.4,633.3068,784.92554,27.165,42.8939,34.60838,4.909355,1.239408,0.09897894,63.64
10:49,0.0,128.0,53.5,6.8,712.8365,869.8244,29.567,41.477955,33.991917,5.569035,1.2202299,0.10409411,60.92
10:51,0.0,128.0,53.6,6.9,716.3091,892.65344,29.972,41.842274,33.5763,5.5961647,1.2461847,0.10440606,61.84
10:53,0.0,127.0,53.2,6.8,696.11957,856.9369,29.768,42.762768,34.737682,5.4812565,1.2310197,0.103031136,60.23
10:55,0.0,127.0,55.5,7.0,752.16223,943.0559,32.394,43.06784,34.350033,5.9225373,1.2537932,0.106712386,63.56
10:57,0.0,127.0,54.8,7.0,735.51196,939.65186,33.348,45.339848,35.48974,5.791433,1.2775481,0.10568308,63.23
10:59,0.0,129.0,53.3,6.9,719.8556,936.85236,32.769,45.52163,34.977764,5.580276,1.3014449,0.10469561,60.34
11:01,0.0,129.0,49.3,6.4,625.2659,819.7066,30.279,48.425797,36.938828,4.8470225,1.3109728,0.09831689,64.08
11:03,0.0,130.0,51.2,6.7,678.3114,906.1508,32.971,48.607468,36.385777,5.21778,1.3358921,0.101909764,63.31
11:05,0.0,130.0,49.5,6.4,638.078,848.432,29.945,46.93,35.29452,4.9082923,1.3296682,0.09915742,63.32
11:08,0.0,129.0,50.2,6.5,645.39557,861.94403,30.486,47.23615,35.368885,5.0030665,1.3355283,0.09966268,59.68
11:10,0.0,129.0,45.5,5.9,547.8929,732.11505,27.07,49.407467,36.975063,4.2472315,1.3362375,0.093345754,60.32
11:12,0.0,129.0,49.2,6.3,622.7532,826.67114,28.974,46.525658,35.049004,4.827544,1.3274459,0.09812081,61.44
11:14,0.0,129.0,47.1,6.1,579.8295,747.50006,26.556,45.799667,35.526417,4.4948025,1.2891722,0.09543105,60.31
11:16,0.0,129.0,50.1,6.5,643.8334,816.4589,29.0,45.04271,35.51924,4.9909563,1.2681215,0.09961989,61.6
11:19,0.0,129.0,47.7,6.2,592.4354,748.27997,26.707,45.080017,35.691185,4.5925226,1.2630575,0.09627929,59.67
11:21,0.0,129.0,47.5,6.1,587.22296,735.21063,26.4,44.95737,35.908077,4.552116,1.2520127,0.095834024,61.96
